formatted_date,ticker,high,low,open,close,volume,adjclose
2014-01-02,AAPL,19.89392852783203,19.71500015258789,19.845714569091797,19.754642486572266,234684800,17.542173385620117
2014-01-03,AAPL,19.774999618530273,19.301071166992188,19.7450008392334,19.320714950561523,392467600,17.156843185424805
2014-01-06,AAPL,19.5285701751709,19.05714225769043,19.194643020629883,19.426071166992188,412610800,17.250402450561523
2014-01-07,AAPL,19.498571395874023,19.211429595947266,19.440000534057617,19.28714370727539,317209200,17.12703514099121
2014-01-08,AAPL,19.484285354614258,19.238929748535156,19.243213653564453,19.409286499023438,258529600,17.235496520996094
2014-01-09,AAPL,19.53071403503418,19.11964225769043,19.5285701751709,19.161428451538086,279148800,17.015396118164062
2014-01-10,AAPL,19.314285278320312,18.96821403503418,19.27964210510254,19.033571243286133,304976000,16.9018611907959
2014-01-13,AAPL,19.375,18.924285888671875,18.925357818603516,19.133214950561523,378492800,16.990341186523438
2014-01-14,AAPL,19.526071548461914,19.2021427154541,19.222143173217773,19.51392936706543,332561600,17.328418731689453
2014-01-15,AAPL,20.007143020629883,19.7021427154541,19.768571853637695,19.90571403503418,391638800,17.67632293701172
2014-01-16,AAPL,19.887500762939453,19.702856063842773,19.81785774230957,19.79464340209961,229278000,17.577693939208984
2014-01-17,AAPL,19.716785430908203,19.282142639160156,19.695714950561523,19.309642791748047,426739600,17.147010803222656
2014-01-21,AAPL,19.645357131958008,19.30071449279785,19.32107162475586,19.609643936157227,328526800,17.41341781616211
2014-01-22,AAPL,19.903213500976562,19.56464385986328,19.675357818603516,19.696786880493164,379985200,17.490795135498047
2014-01-23,AAPL,19.875,19.457500457763672,19.640714645385742,19.863571166992188,403239200,17.638896942138672
2014-01-24,AAPL,19.843570709228516,19.45535659790039,19.78571319580078,19.502500534057617,429354800,17.31826400756836
2014-01-27,AAPL,19.814285278320312,19.491071701049805,19.645357131958008,19.66071319580078,554878800,17.45876693725586
2014-01-28,AAPL,18.39285659790039,17.93107032775879,18.170000076293945,18.08928680419922,1065523200,16.063325881958008
2014-01-29,AAPL,18.120357513427734,17.807857513427734,17.998214721679688,17.883928298950195,502810000,15.880971908569336
2014-01-30,AAPL,18.08928680419922,17.739286422729492,17.947856903076172,17.849285125732422,678501600,15.85020923614502
2014-01-31,AAPL,17.911785125732422,17.626785278320312,17.684999465942383,17.878570556640625,464797200,15.876221656799316
2014-02-03,AAPL,18.133214950561523,17.832143783569336,17.95035743713379,17.911785125732422,401464000,15.905712127685547
2014-02-04,AAPL,18.19499969482422,17.955713272094727,18.066070556640625,18.171070098876953,376681200,16.135957717895508
2014-02-05,AAPL,18.402856826782227,18.08035659790039,18.091428756713867,18.306785583496094,328344800,16.2564754486084
2014-02-06,AAPL,18.33928680419922,18.136070251464844,18.216428756713867,18.30392837524414,257765200,16.351226806640625
2014-02-07,AAPL,18.676071166992188,18.47785758972168,18.62071418762207,18.559999465942383,370280400,16.579980850219727
2014-02-10,AAPL,18.999643325805664,18.5,18.523571014404297,18.892499923706055,345559200,16.87700653076172
2014-02-11,AAPL,19.20535659790039,18.91071319580078,18.95035743713379,19.141429901123047,282256800,17.099382400512695
2014-02-12,AAPL,19.270000457763672,19.044286727905273,19.176786422729492,19.139999389648438,308100800,17.098102569580078
2014-02-13,AAPL,19.45892906188965,19.078571319580078,19.094999313354492,19.44392967224121,307398000,17.369611740112305
2014-02-14,AAPL,19.499286651611328,19.328929901123047,19.37392807006836,19.428213119506836,272924400,17.355573654174805
2014-02-18,AAPL,19.68535614013672,19.48607063293457,19.5,19.499643325805664,260251600,17.41937828063965
2014-02-19,AAPL,19.53178596496582,19.08392906188965,19.45535659790039,19.19178581237793,313768000,17.144372940063477
2014-02-20,AAPL,19.178571701049805,18.89285659790039,19.035356521606445,18.969642639160156,305858000,16.945926666259766
2014-02-21,AAPL,19.091785430908203,18.735713958740234,19.028213500976562,18.758928298950195,278784800,16.757686614990234
2014-02-24,AAPL,18.92571449279785,18.65785789489746,18.683929443359375,18.8410701751709,288909600,16.831064224243164
2014-02-25,AAPL,18.9132137298584,18.60714340209961,18.906429290771484,18.645000457763672,231952000,16.655912399291992
2014-02-26,AAPL,18.75,18.41428565979004,18.70035743713379,18.47678565979004,276217200,16.505643844604492
2014-02-27,AAPL,18.885000228881836,18.430356979370117,18.46928596496582,18.84535789489746,301882000,16.834897994995117
2014-02-28,AAPL,19.02678680419922,18.64714241027832,18.895713806152344,18.794286727905273,371968800,16.789276123046875
2014-03-03,AAPL,18.951786041259766,18.671785354614258,18.693571090698242,18.84857177734375,238781200,16.8377742767334
2014-03-04,AAPL,19.022857666015625,18.848928451538086,18.96428680419922,18.972856521606445,259140000,16.948793411254883
2014-03-05,AAPL,19.09821319580078,18.897499084472656,18.961429595947266,19.01285743713379,200062800,16.984529495239258
2014-03-06,AAPL,19.087142944335938,18.860713958740234,19.028213500976562,18.95535659790039,185488800,16.933162689208984
2014-03-07,AAPL,18.999286651611328,18.787500381469727,18.967500686645508,18.944286346435547,220729600,16.923274993896484
2014-03-10,AAPL,19.047500610351562,18.869285583496094,18.8700008392334,18.961429595947266,178584000,16.93859100341797
2014-03-11,AAPL,19.240713119506836,19.02107048034668,19.123214721679688,19.14607048034668,279224400,17.103525161743164
2014-03-12,AAPL,19.191070556640625,19.0,19.089643478393555,19.164642333984375,199326400,17.1201171875
2014-03-13,AAPL,19.273571014404297,18.898571014404297,19.194286346435547,18.951786041259766,257742800,16.929967880249023
2014-03-14,AAPL,18.960357666015625,18.678571701049805,18.885356903076172,18.738929748535156,237199200,16.739824295043945
2014-03-17,AAPL,18.927499771118164,18.780357360839844,18.8464298248291,18.812143325805664,199544800,16.80522346496582
2014-03-18,AAPL,18.99892807006836,18.757143020629883,18.782142639160156,18.97857093811035,209647200,16.953895568847656
2014-03-19,AAPL,19.15142822265625,18.89285659790039,19.009286880493164,18.97357177734375,224756000,16.949430465698242
2014-03-20,AAPL,19.023929595947266,18.83392906188965,18.92464256286621,18.882143020629883,208398400,16.86775779724121
2014-03-21,AAPL,19.0625,18.797500610351562,18.997499465942383,19.031070709228516,374046400,17.00079345703125
2014-03-24,AAPL,19.303571701049805,19.109285354614258,19.229286193847656,19.256786346435547,355700800,17.202434539794922
2014-03-25,AAPL,19.491071701049805,19.27107048034668,19.33928680419922,19.46392822265625,282293200,17.387470245361328
2014-03-26,AAPL,19.60714340209961,19.2450008392334,19.518571853637695,19.277856826782227,299768000,17.22125816345215
2014-03-27,AAPL,19.33928680419922,19.11142921447754,19.286428451538086,19.19499969482422,222031600,17.147241592407227
2014-03-28,AAPL,19.24785614013672,19.08035659790039,19.2257137298584,19.17357063293457,200564000,17.128095626831055
2014-03-31,AAPL,19.31464385986328,19.140356063842773,19.258214950561523,19.169286727905273,168669200,17.124269485473633
2014-04-01,AAPL,19.352500915527344,19.17035675048828,19.205713272094727,19.344642639160156,200760000,17.280916213989258
2014-04-02,AAPL,19.40999984741211,19.295000076293945,19.37071418762207,19.376785278320312,180420800,17.309629440307617
2014-04-03,AAPL,19.375,19.20142936706543,19.335357666015625,19.24250030517578,162344000,17.18967056274414
2014-04-04,AAPL,19.28571319580078,18.94928550720215,19.278928756713867,18.99357032775879,275251200,16.967296600341797
2014-04-07,AAPL,18.96071434020996,18.63892936706543,18.85785675048828,18.695356369018555,289850400,16.700897216796875
2014-04-08,AAPL,18.790000915527344,18.524999618530273,18.756786346435547,18.694286346435547,243888400,16.699939727783203
2014-04-09,AAPL,18.94607162475586,18.643571853637695,18.665714263916016,18.940000534057617,206169600,16.919445037841797
2014-04-10,AAPL,19.00857162475586,18.684642791748047,18.952856063842773,18.695714950561523,239652000,16.701217651367188
2014-04-11,AAPL,18.672500610351562,18.46928596496582,18.53571319580078,18.5575008392334,271717600,16.57774543762207
2014-04-14,AAPL,18.648571014404297,18.471786499023438,18.639286041259766,18.63142967224121,205674000,16.6437931060791
2014-04-15,AAPL,18.6299991607666,18.26178550720215,18.581071853637695,18.498571395874023,266490000,16.525108337402344
2014-04-16,AAPL,18.6103572845459,18.36214256286621,18.501785278320312,18.53607177734375,214765600,16.558603286743164
2014-04-17,AAPL,18.84857177734375,18.542856216430664,18.571428298950195,18.74785614013672,284334400,16.747800827026367
2014-04-21,AAPL,19.0049991607666,18.71285629272461,18.762142181396484,18.97035789489746,182548800,16.946557998657227
2014-04-22,AAPL,18.993928909301758,18.803571701049805,18.868213653564453,18.989286422729492,202563200,16.963464736938477
2014-04-23,AAPL,18.968929290771484,18.730356216430664,18.895000457763672,18.741071701049805,394940000,16.74173355102539
2014-04-24,AAPL,20.35714340209961,20.026071548461914,20.293214797973633,20.27750015258789,759911600,18.114255905151367
2014-04-25,AAPL,20.428213119506836,20.141429901123047,20.161785125732422,20.426429748535156,390275200,18.247297286987305
2014-04-28,AAPL,21.27678680419922,20.448213577270508,20.457143783569336,21.217500686645508,669485600,18.953977584838867
2014-04-29,AAPL,21.28499984741211,21.05392837524414,21.204999923706055,21.15464210510254,337377600,18.8978214263916
2014-04-30,AAPL,21.408214569091797,21.064285278320312,21.165714263916016,21.074642181396484,456640800,18.82636260986328
2014-05-01,AAPL,21.242856979370117,20.941429138183594,21.14285659790039,21.124286651611328,244048000,18.87070083618164
2014-05-02,AAPL,21.2214298248291,21.061071395874023,21.155000686645508,21.163570404052734,191514400,18.905799865722656
2014-05-05,AAPL,21.46428680419922,21.071428298950195,21.07642936706543,21.46285629272461,287067200,19.173152923583984
2014-05-06,AAPL,21.586071014404297,21.22892951965332,21.492856979370117,21.22892951965332,374564400,18.964183807373047
2014-05-07,AAPL,21.331785202026367,20.9903564453125,21.258928298950195,21.15464210510254,282864400,18.8978214263916
2014-05-08,AAPL,21.22892951965332,20.94285774230957,21.008928298950195,20.999643325805664,230297200,18.8641414642334
2014-05-09,AAPL,20.9375,20.726070404052734,20.876428604125977,20.91214370727539,291597600,18.785537719726562
2014-05-12,AAPL,21.2021427154541,20.97857093811035,20.981786727905273,21.172500610351562,213208800,19.019407272338867
2014-05-13,AAPL,21.233570098876953,21.0964298248291,21.14285659790039,21.205713272094727,159737200,19.049245834350586
2014-05-14,AAPL,21.33571434020996,21.13357162475586,21.158214569091797,21.20964241027832,166404000,19.052780151367188
2014-05-15,AAPL,21.30714225769043,21.001428604125977,21.239286422729492,21.029285430908203,230846000,18.890758514404297
2014-05-16,AAPL,21.340356826782227,20.907142639160156,21.022499084472656,21.339643478393555,276256400,19.169557571411133
2014-05-19,AAPL,21.690357208251953,21.333213806152344,21.35178565979004,21.592500686645508,317755200,19.39670181274414
2014-05-20,AAPL,21.657142639160156,21.45464324951172,21.589643478393555,21.596786499023438,234836000,19.400548934936523
2014-05-21,AAPL,21.667856216430664,21.50214385986328,21.565357208251953,21.653928756713867,196859600,19.451881408691406
2014-05-22,AAPL,21.780357360839844,21.575000762939453,21.66428565979004,21.688213348388672,200760000,19.482683181762695
2014-05-23,AAPL,21.95464324951172,21.659643173217773,21.6875,21.93321418762207,232209600,19.702770233154297
2014-05-27,AAPL,22.352142333984375,21.986785888671875,21.99571418762207,22.343929290771484,348866000,20.07171630859375
2014-05-28,AAPL,22.493928909301758,22.277856826782227,22.35785675048828,22.28607177734375,315481600,20.019746780395508
2014-05-29,AAPL,22.745357513427734,22.42035675048828,22.423213958740234,22.692142486572266,376474000,20.38451385498047
2014-05-30,AAPL,23.006071090698242,22.46071434020996,22.78499984741211,22.60714340209961,564020800,20.308170318603516
2014-06-02,AAPL,22.672500610351562,22.23214340209961,22.641429901123047,22.451786041259766,369350800,20.168603897094727
2014-06-03,AAPL,22.812143325805664,22.4375,22.44499969482422,22.769285202026367,292709200,20.453819274902344
2014-06-04,AAPL,23.13892936706543,22.71821403503418,22.765714645385742,23.029285430908203,335482000,20.6873779296875
2014-06-05,AAPL,23.19178581237793,22.95035743713379,23.078571319580078,23.11964225769043,303805600,20.768545150756836
2014-06-06,AAPL,23.259286880493164,23.016786575317383,23.21071434020996,23.05607032775879,349938400,20.71143913269043
2014-06-09,AAPL,23.469999313354492,22.9375,23.174999237060547,23.424999237060547,301660000,21.0428524017334
2014-06-10,AAPL,23.762500762939453,23.392499923706055,23.6825008392334,23.5625,251108000,21.16636848449707
2014-06-11,AAPL,23.690000534057617,23.36750030517578,23.532499313354492,23.46500015258789,182724000,21.07878303527832
2014-06-12,AAPL,23.530000686645508,22.975000381469727,23.510000228881836,23.072500228881836,218996000,20.7262020111084
2014-06-13,AAPL,23.110000610351562,22.719999313354492,23.049999237060547,22.81999969482422,218100000,20.49937629699707
2014-06-16,AAPL,23.1875,22.862499237060547,22.877500534057617,23.049999237060547,142244000,20.70598793029785
2014-06-17,AAPL,23.174999237060547,22.950000762939453,23.077499389648438,23.020000457763672,118904000,20.67903709411621
2014-06-18,AAPL,23.072500228881836,22.837499618530273,23.0674991607666,23.045000076293945,134056000,20.701494216918945
2014-06-19,AAPL,23.075000762939453,22.834999084472656,23.072500228881836,22.96500015258789,142112000,20.62963104248047
2014-06-20,AAPL,23.137500762939453,22.725000381469727,22.962499618530273,22.727500915527344,403592000,20.416282653808594
2014-06-23,AAPL,22.905000686645508,22.649999618530273,22.829999923706055,22.707500457763672,174776000,20.398319244384766
2014-06-24,AAPL,22.934999465942383,22.547500610351562,22.6875,22.56999969482422,156144000,20.274799346923828
2014-06-25,AAPL,22.674999237060547,22.412500381469727,22.552499771118164,22.59000015258789,147476000,20.292766571044922
2014-06-26,AAPL,22.762500762939453,22.450000762939453,22.592500686645508,22.725000381469727,130516000,20.414037704467773
2014-06-27,AAPL,23.0,22.6924991607666,22.704999923706055,22.9950008392334,256116000,20.65657615661621
2014-06-30,AAPL,23.4325008392334,23.022499084472656,23.024999618530273,23.232500076293945,197929200,20.86992645263672
2014-07-01,AAPL,23.517499923706055,23.282499313354492,23.3799991607666,23.3799991607666,152892000,21.002429962158203
2014-07-02,AAPL,23.514999389648438,23.272499084472656,23.467500686645508,23.3700008392334,113860000,20.993446350097656
2014-07-03,AAPL,23.524999618530273,23.299999237060547,23.417499542236328,23.50749969482422,91567200,21.116958618164062
2014-07-07,AAPL,23.997499465942383,23.524999618530273,23.53499984741211,23.99250030517578,225872000,21.55263900756836
2014-07-08,AAPL,24.200000762939453,23.479999542236328,24.0674991607666,23.837499618530273,260888000,21.413400650024414
2014-07-09,AAPL,23.987499237060547,23.690000534057617,23.860000610351562,23.84749984741211,145744000,21.422391891479492
2014-07-10,AAPL,23.887500762939453,23.3799991607666,23.440000534057617,23.760000228881836,158744000,21.343786239624023
2014-07-11,AAPL,23.97249984741211,23.71500015258789,23.84000015258789,23.80500030517578,136072000,21.384212493896484
2014-07-14,AAPL,24.22249984741211,23.912500381469727,23.96500015258789,24.112499237060547,171240000,21.66043472290039
2014-07-15,AAPL,24.212499618530273,23.75749969482422,24.200000762939453,23.829999923706055,181911600,21.406665802001953
2014-07-16,AAPL,24.274999618530273,23.684999465942383,24.24250030517578,23.69499969482422,213585200,21.285396575927734
2014-07-17,AAPL,23.81999969482422,23.142499923706055,23.75749969482422,23.272499084472656,229192000,20.905860900878906
2014-07-18,AAPL,23.684999465942383,23.2549991607666,23.405000686645508,23.607500076293945,199952000,21.2067928314209
2014-07-21,AAPL,23.75,23.43000030517578,23.747499465942383,23.485000610351562,156316000,21.09675407409668
2014-07-22,AAPL,23.72249984741211,23.530000686645508,23.670000076293945,23.68000030517578,220788000,21.27191734313965
2014-07-23,AAPL,24.469999313354492,23.792499542236328,23.854999542236328,24.297500610351562,371672000,21.82662582397461
2014-07-24,AAPL,24.329999923706055,24.104999542236328,24.260000228881836,24.25749969482422,182916000,21.79069709777832
2014-07-25,AAPL,24.459999084472656,24.15999984741211,24.212499618530273,24.417499542236328,173876000,21.934419631958008
2014-07-28,AAPL,24.809999465942383,24.387500762939453,24.454999923706055,24.7549991607666,221272000,22.23759651184082
2014-07-29,AAPL,24.860000610351562,24.5625,24.832500457763672,24.594999313354492,172572000,22.0938720703125
2014-07-30,AAPL,24.674999237060547,24.417499542236328,24.610000610351562,24.537500381469727,132040000,22.042221069335938
2014-07-31,AAPL,24.362499237060547,23.832500457763672,24.290000915527344,23.899999618530273,227372000,21.469545364379883
2014-08-01,AAPL,24.155000686645508,23.702499389648438,23.725000381469727,24.032499313354492,194044000,21.588573455810547
2014-08-04,AAPL,24.145000457763672,23.792499542236328,24.092500686645508,23.897499084472656,159832000,21.467300415039062
2014-08-05,AAPL,23.920000076293945,23.59000015258789,23.84000015258789,23.780000686645508,223732000,21.36174774169922
2014-08-06,AAPL,23.8700008392334,23.677499771118164,23.6875,23.739999771118164,154232000,21.325815200805664
2014-08-07,AAPL,23.987499237060547,23.524999618530273,23.732500076293945,23.6200008392334,186844000,21.32356834411621
2014-08-08,AAPL,23.704999923706055,23.31999969482422,23.565000534057617,23.684999465942383,167460000,21.382246017456055
2014-08-11,AAPL,24.020000457763672,23.709999084472656,23.8174991607666,23.997499465942383,146340000,21.66436195373535
2014-08-12,AAPL,24.219999313354492,23.90250015258789,24.010000228881836,23.99250030517578,135180000,21.659841537475586
2014-08-13,AAPL,24.309999465942383,24.010000228881836,24.037500381469727,24.309999465942383,127664000,21.946475982666016
2014-08-14,AAPL,24.392499923706055,24.200000762939453,24.332500457763672,24.375,112464000,22.005159378051758
2014-08-15,AAPL,24.547500610351562,24.21500015258789,24.475000381469727,24.4950008392334,195804000,22.113489151000977
2014-08-18,AAPL,24.842500686645508,24.4950008392334,24.622499465942383,24.790000915527344,190288000,22.379806518554688
2014-08-19,AAPL,25.170000076293945,24.829999923706055,24.852500915527344,25.13249969482422,277596000,22.689010620117188
2014-08-20,AAPL,25.272499084472656,24.987499237060547,25.110000610351562,25.142499923706055,210796000,22.698034286499023
2014-08-21,AAPL,25.235000610351562,25.02750015258789,25.142499923706055,25.145000457763672,133912000,22.700294494628906
2014-08-22,AAPL,25.36750030517578,25.047500610351562,25.072500228881836,25.329999923706055,176736000,22.867305755615234
2014-08-25,AAPL,25.542499542236328,25.31999969482422,25.447500228881836,25.385000228881836,161080000,22.916955947875977
2014-08-26,AAPL,25.375,25.21500015258789,25.354999542236328,25.22249984741211,132608000,22.77025604248047
2014-08-27,AAPL,25.642499923706055,25.174999237060547,25.2549991607666,25.532499313354492,209476000,23.05011558532715
2014-08-28,AAPL,25.69499969482422,25.389999389648438,25.397499084472656,25.5625,273840000,23.07720375061035
2014-08-29,AAPL,25.725000381469727,25.549999237060547,25.71500015258789,25.625,178380000,23.133628845214844
2014-09-02,AAPL,25.934999465942383,25.68000030517578,25.764999389648438,25.825000762939453,214256000,23.31418228149414
2014-09-03,AAPL,25.799999237060547,24.645000457763672,25.774999618530273,24.735000610351562,501684000,22.330158233642578
2014-09-04,AAPL,25.022499084472656,24.447500228881836,24.712499618530273,24.530000686645508,342872000,22.14509391784668
2014-09-05,AAPL,24.84749984741211,24.577499389648438,24.700000762939453,24.74250030517578,233828000,22.336929321289062
2014-09-08,AAPL,24.827499389648438,24.512500762939453,24.825000762939453,24.59000015258789,185426800,22.199254989624023
2014-09-09,AAPL,25.770000457763672,24.03499984741211,24.770000457763672,24.497499465942383,759385200,22.115741729736328
2014-09-10,AAPL,25.27750015258789,24.440000534057617,24.502500534057617,25.25,403478400,22.795082092285156
2014-09-11,AAPL,25.360000610351562,24.905000686645508,25.102500915527344,25.357500076293945,249412400,22.892135620117188
2014-09-12,AAPL,25.547500610351562,25.270000457763672,25.302499771118164,25.415000915527344,250504400,22.94404411315918
2014-09-15,AAPL,25.762500762939453,25.360000610351562,25.702499389648438,25.407499313354492,245266000,22.937273025512695
2014-09-16,AAPL,25.315000534057617,24.72249984741211,24.950000762939453,25.21500015258789,267632400,22.763484954833984
2014-09-17,AAPL,25.450000762939453,25.147499084472656,25.3174991607666,25.395000457763672,243706000,22.92598533630371
2014-09-18,AAPL,25.587499618530273,25.389999389648438,25.482500076293945,25.447500228881836,149197600,22.9733829498291
2014-09-19,AAPL,25.587499618530273,25.125,25.572500228881836,25.239999771118164,283609600,22.786060333251953
2014-09-22,AAPL,25.53499984741211,25.145000457763672,25.450000762939453,25.264999389648438,211153600,22.80862045288086
2014-09-23,AAPL,25.735000610351562,25.135000228881836,25.149999618530273,25.65999984741211,253608800,23.165224075317383
2014-09-24,AAPL,25.712499618530273,25.299999237060547,25.540000915527344,25.4375,240687200,22.964353561401367
2014-09-25,AAPL,25.177499771118164,24.43000030517578,25.127500534057617,24.467500686645508,400368000,22.088665008544922
2014-09-26,AAPL,25.1875,24.600000381469727,24.63249969482422,25.1875,249482000,22.73866081237793
2014-09-29,AAPL,25.110000610351562,24.657499313354492,24.662500381469727,25.02750015258789,199065200,22.59421730041504
2014-09-30,AAPL,25.385000228881836,25.13249969482422,25.202499389648438,25.1875,221056400,22.73866081237793
2014-10-01,AAPL,25.172500610351562,24.674999237060547,25.147499084472656,24.795000076293945,205965200,22.384321212768555
2014-10-02,AAPL,25.05500030517578,24.510000228881836,24.8174991607666,24.975000381469727,191031200,22.546823501586914
2014-10-03,AAPL,25.052499771118164,24.760000228881836,24.860000610351562,24.905000686645508,173878400,22.483631134033203
2014-10-06,AAPL,25.162500381469727,24.854999542236328,24.987499237060547,24.905000686645508,148204800,22.483631134033203
2014-10-07,AAPL,25.030000686645508,24.6825008392334,24.857500076293945,24.6875,168376800,22.287273406982422
2014-10-08,AAPL,25.27750015258789,24.577499389648438,24.690000534057617,25.200000762939453,229618800,22.74994659423828
2014-10-09,AAPL,25.594999313354492,25.15250015258789,25.385000228881836,25.2549991607666,309506000,22.799596786499023
2014-10-10,AAPL,25.50749969482422,25.075000762939453,25.172500610351562,25.1825008392334,265326400,22.734149932861328
2014-10-13,AAPL,25.44499969482422,24.952499389648438,25.332500457763672,24.952499389648438,214333600,22.526508331298828
2014-10-14,AAPL,25.1299991607666,24.642499923706055,25.09749984741211,24.6875,254754400,22.287273406982422
2014-10-15,AAPL,24.787500381469727,23.795000076293945,24.49250030517578,24.385000228881836,403734400,22.014184951782227
2014-10-16,AAPL,24.43000030517578,23.852500915527344,23.887500762939453,24.065000534057617,288618000,21.725297927856445
2014-10-17,AAPL,24.75,24.202499389648438,24.375,24.417499542236328,272718800,22.04352378845215
2014-10-20,AAPL,24.989999771118164,24.55500030517578,24.579999923706055,24.940000534057617,310069200,22.51522445678711
2014-10-21,AAPL,25.7549991607666,25.3174991607666,25.7549991607666,25.61750030517578,378495600,23.126855850219727
2014-10-22,AAPL,26.02750015258789,25.649999618530273,25.709999084472656,25.747499465942383,273052400,23.244216918945312
2014-10-23,AAPL,26.262500762939453,25.907499313354492,26.020000457763672,26.207500457763672,284298800,23.65949249267578
2014-10-24,AAPL,26.372499465942383,26.13249969482422,26.295000076293945,26.30500030517578,188215600,23.747514724731445
2014-10-27,AAPL,26.3700008392334,26.174999237060547,26.212499618530273,26.27750015258789,136750800,23.722686767578125
2014-10-28,AAPL,26.684999465942383,26.337499618530273,26.350000381469727,26.684999465942383,192243600,24.090564727783203
2014-10-29,AAPL,26.842500686645508,26.59000015258789,26.662500381469727,26.834999084472656,210751600,24.225982666015625
2014-10-30,AAPL,26.837499618530273,26.475000381469727,26.739999771118164,26.7450008392334,162619200,24.14473533630371
2014-10-31,AAPL,27.010000228881836,26.802499771118164,27.002500534057617,27.0,178557200,24.374940872192383
2014-11-03,AAPL,27.575000762939453,27.002500534057617,27.05500030517578,27.350000381469727,209130400,24.69091796875
2014-11-04,AAPL,27.372499465942383,26.93000030517578,27.34000015258789,27.149999618530273,166297600,24.510358810424805
2014-11-05,AAPL,27.325000762939453,27.032499313354492,27.274999618530273,27.21500015258789,149743600,24.56903839111328
2014-11-06,AAPL,27.197500228881836,26.950000762939453,27.149999618530273,27.174999237060547,139874000,24.639305114746094
2014-11-07,AAPL,27.329999923706055,27.137500762939453,27.1875,27.252500534057617,134766000,24.70957374572754
2014-11-10,AAPL,27.332500457763672,27.167499542236328,27.2549991607666,27.207500457763672,108782000,24.668781280517578
2014-11-11,AAPL,27.4375,27.100000381469727,27.174999237060547,27.424999237060547,109769200,24.865985870361328
2014-11-12,AAPL,27.857500076293945,27.342500686645508,27.344999313354492,27.8125,187769600,25.217317581176758
2014-11-13,AAPL,28.362499237060547,27.899999618530273,27.950000762939453,28.204999923706055,238091600,25.573200225830078
2014-11-14,AAPL,28.547500610351562,27.802499771118164,28.287500381469727,28.545000076293945,176254400,25.881473541259766
2014-11-17,AAPL,29.31999969482422,28.325000762939453,28.5674991607666,28.497499465942383,186986800,25.838403701782227
2014-11-18,AAPL,28.922500610351562,28.47249984741211,28.485000610351562,28.86750030517578,176896000,26.17388343811035
2014-11-19,AAPL,28.934999465942383,28.450000762939453,28.860000610351562,28.667499542236328,167476800,25.992544174194336
2014-11-20,AAPL,29.21500015258789,28.712499618530273,28.727500915527344,29.077499389648438,173582000,26.364290237426758
2014-11-21,AAPL,29.392499923706055,29.00749969482422,29.377500534057617,29.11750030517578,228717200,26.400558471679688
2014-11-24,AAPL,29.6924991607666,29.155000686645508,29.212499618530273,29.657499313354492,189803200,26.890167236328125
2014-11-25,AAPL,29.9375,29.362499237060547,29.767499923706055,29.399999618530273,275361600,26.65669059753418
2014-11-26,AAPL,29.774999618530273,29.457500457763672,29.485000610351562,29.75,163073200,26.974037170410156
2014-11-28,AAPL,29.850000381469727,29.512500762939453,29.8174991607666,29.732500076293945,99257600,26.958168029785156
2014-12-01,AAPL,29.8125,27.8174991607666,29.702499389648438,28.767499923706055,335256000,26.08321189880371
2014-12-02,AAPL,28.9375,28.1875,28.375,28.657499313354492,237395600,25.983474731445312
2014-12-03,AAPL,29.087499618530273,28.77750015258789,28.9375,28.982500076293945,172253600,26.278152465820312
2014-12-04,AAPL,29.299999237060547,28.822500228881836,28.9424991607666,28.872499465942383,168178000,26.17841911315918
2014-12-05,AAPL,29.020000457763672,28.65999984741211,28.997499465942383,28.75,153275600,26.067346572875977
2014-12-08,AAPL,28.662500381469727,27.905000686645508,28.524999618530273,28.100000381469727,230659600,25.477991104125977
2014-12-09,AAPL,28.575000762939453,27.337499618530273,27.547500610351562,28.530000686645508,240832000,25.867876052856445
2014-12-10,AAPL,28.712499618530273,27.885000228881836,28.602500915527344,27.987499237060547,178261200,25.37599754333496
2014-12-11,AAPL,28.450000762939453,27.834999084472656,28.065000534057617,27.905000686645508,165606800,25.301193237304688
2014-12-12,AAPL,27.967500686645508,27.395000457763672,27.614999771118164,27.4325008392334,224112400,24.872785568237305
2014-12-15,AAPL,27.899999618530273,26.587499618530273,27.674999237060547,27.0575008392334,268872400,24.532772064208984
2014-12-16,AAPL,27.540000915527344,26.565000534057617,26.592500686645508,26.6875,243162800,24.197298049926758
2014-12-17,AAPL,27.459999084472656,26.704999923706055,26.780000686645508,27.352500915527344,213647200,24.800249099731445
2014-12-18,AAPL,28.162500381469727,27.665000915527344,27.967500686645508,28.162500381469727,236024800,25.534664154052734
2014-12-19,AAPL,28.309999465942383,27.915000915527344,28.065000534057617,27.94499969482422,353719200,25.33746337890625
2014-12-22,AAPL,28.372499465942383,27.99250030517578,28.040000915527344,28.235000610351562,180670000,25.600400924682617
2014-12-23,AAPL,28.332500457763672,28.114999771118164,28.3075008392334,28.135000228881836,104113600,25.509733200073242
2014-12-24,AAPL,28.177499771118164,28.002500534057617,28.145000457763672,28.002500534057617,57918400,25.38959503173828
2014-12-26,AAPL,28.6299991607666,28.002500534057617,28.024999618530273,28.497499465942383,134884000,25.838403701782227
2014-12-29,AAPL,28.6924991607666,28.424999237060547,28.447500228881836,28.477500915527344,110395600,25.82027816772461
2014-12-30,AAPL,28.479999542236328,28.02750015258789,28.40999984741211,28.1299991607666,119526000,25.505199432373047
2014-12-31,AAPL,28.282499313354492,27.552499771118164,28.204999923706055,27.594999313354492,165613600,25.020118713378906
2015-01-02,AAPL,27.860000610351562,26.837499618530273,27.84749984741211,27.332500457763672,212818400,24.782114028930664
2015-01-05,AAPL,27.162500381469727,26.352500915527344,27.072500228881836,26.5625,257142000,24.083961486816406
2015-01-06,AAPL,26.857500076293945,26.157499313354492,26.635000228881836,26.565000534057617,263188400,24.086225509643555
2015-01-07,AAPL,27.049999237060547,26.674999237060547,26.799999237060547,26.9375,160423600,24.423974990844727
2015-01-08,AAPL,28.037500381469727,27.174999237060547,27.3075008392334,27.97249984741211,237458000,25.362396240234375
2015-01-09,AAPL,28.3125,27.552499771118164,28.167499542236328,28.002500534057617,214798000,25.38959503173828
2015-01-12,AAPL,28.157499313354492,27.200000762939453,28.149999618530273,27.3125,198603200,24.763975143432617
2015-01-13,AAPL,28.200000762939453,27.227500915527344,27.857500076293945,27.55500030517578,268367600,24.98385238647461
2015-01-14,AAPL,27.622499465942383,27.125,27.260000228881836,27.450000762939453,195826400,24.88865089416504
2015-01-15,AAPL,27.514999389648438,26.665000915527344,27.5,26.704999923706055,240056000,24.213163375854492
2015-01-16,AAPL,26.895000457763672,26.299999237060547,26.75749969482422,26.497499465942383,314053200,24.025028228759766
2015-01-20,AAPL,27.24250030517578,26.625,26.959999084472656,27.18000030517578,199599600,24.643842697143555
2015-01-21,AAPL,27.764999389648438,27.0674991607666,27.237499237060547,27.387500762939453,194303600,24.83198356628418
2015-01-22,AAPL,28.11750030517578,27.43000030517578,27.565000534057617,28.100000381469727,215185600,25.477991104125977
2015-01-23,AAPL,28.4375,27.88249969482422,28.075000762939453,28.2450008392334,185859200,25.60947036743164
2015-01-26,AAPL,28.59000015258789,28.200000762939453,28.434999465942383,28.274999618530273,222460000,25.636669158935547
2015-01-27,AAPL,28.1200008392334,27.25749969482422,28.104999542236328,27.28499984741211,382274800,24.739044189453125
2015-01-28,AAPL,29.530000686645508,28.827499389648438,29.407499313354492,28.827499389648438,585908400,26.137617111206055
2015-01-29,AAPL,29.797500610351562,28.889999389648438,29.079999923706055,29.725000381469727,337745600,26.951366424560547
2015-01-30,AAPL,30.0,29.212499618530273,29.600000381469727,29.290000915527344,334982000,26.556962966918945
2015-02-02,AAPL,29.792499542236328,29.020000457763672,29.512500762939453,29.657499313354492,250956400,26.890167236328125
2015-02-03,AAPL,29.772499084472656,29.40250015258789,29.625,29.662500381469727,207662800,26.89470100402832
2015-02-04,AAPL,30.127500534057617,29.577499389648438,29.625,29.889999389648438,280598800,27.100969314575195
2015-02-05,AAPL,30.0575008392334,29.8125,30.0049991607666,29.985000610351562,168984800,27.294403076171875
2015-02-06,AAPL,30.0625,29.612499237060547,30.0049991607666,29.732500076293945,174826400,27.064565658569336
2015-02-09,AAPL,29.959999084472656,29.607500076293945,29.637500762939453,29.93000030517578,155559200,27.244338989257812
2015-02-10,AAPL,30.537500381469727,30.040000915527344,30.042499542236328,30.5049991607666,248034000,27.767745971679688
2015-02-11,AAPL,31.229999542236328,30.625,30.6924991607666,31.219999313354492,294247200,28.418588638305664
2015-02-12,AAPL,31.8700008392334,31.392499923706055,31.514999389648438,31.614999771118164,297898000,28.77814292907715
2015-02-13,AAPL,31.81999969482422,31.412500381469727,31.81999969482422,31.770000457763672,217088800,28.919235229492188
2015-02-17,AAPL,32.220001220703125,31.729999542236328,31.872499465942383,31.957500457763672,252609600,29.089908599853516
2015-02-18,AAPL,32.19499969482422,31.862499237060547,31.907499313354492,32.18000030517578,179566800,29.292444229125977
2015-02-19,AAPL,32.25749969482422,32.08250045776367,32.119998931884766,32.11249923706055,149449600,29.231002807617188
2015-02-20,AAPL,32.375,32.01250076293945,32.154998779296875,32.375,195793600,29.469940185546875
2015-02-23,AAPL,33.25,32.415000915527344,32.505001068115234,33.25,283896400,30.266429901123047
2015-02-24,AAPL,33.400001525878906,32.79249954223633,33.23500061035156,33.04249954223633,276912400,30.07755470275879
2015-02-25,AAPL,32.900001525878906,32.037498474121094,32.88999938964844,32.1974983215332,298846800,29.30837631225586
2015-02-26,AAPL,32.717498779296875,31.65250015258789,32.1974983215332,32.60499954223633,365150000,29.679311752319336
2015-02-27,AAPL,32.64250183105469,32.060001373291016,32.5,32.1150016784668,248059200,29.233280181884766
2015-03-02,AAPL,32.56999969482422,32.07500076293945,32.3125,32.272499084472656,192386800,29.37664222717285
2015-03-03,AAPL,32.380001068115234,32.022499084472656,32.2400016784668,32.34000015258789,151265200,29.43808937072754
2015-03-04,AAPL,32.38999938964844,32.08000183105469,32.275001525878906,32.1349983215332,126665200,29.251483917236328
2015-03-05,AAPL,32.1875,31.440000534057617,32.14500045776367,31.602500915527344,226068400,28.76676368713379
2015-03-06,AAPL,32.342498779296875,31.565000534057617,32.099998474121094,31.649999618530273,291368400,28.81000328063965
2015-03-09,AAPL,32.39250183105469,31.264999389648438,31.989999771118164,31.78499984741211,354114000,28.93288803100586
2015-03-10,AAPL,31.80500030517578,30.950000762939453,31.602500915527344,31.127500534057617,275426400,28.334388732910156
2015-03-11,AAPL,31.1924991607666,30.52750015258789,31.1875,30.559999465942383,275756000,27.817808151245117
2015-03-12,AAPL,31.225000381469727,30.407499313354492,30.577499389648438,31.112499237060547,193450800,28.32073402404785
2015-03-13,AAPL,31.350000381469727,30.645000457763672,31.100000381469727,30.897499084472656,207309200,28.125022888183594
2015-03-16,AAPL,31.237499237060547,30.717500686645508,30.969999313354492,31.237499237060547,143497200,28.434511184692383
2015-03-17,AAPL,31.829999923706055,31.412500381469727,31.475000381469727,31.760000228881836,204092400,28.91012954711914
2015-03-18,AAPL,32.290000915527344,31.592500686645508,31.75,32.11750030517578,261083600,29.235557556152344
2015-03-19,AAPL,32.3125,31.850000381469727,32.1875,31.875,183238000,29.014812469482422
2015-03-20,AAPL,32.099998474121094,31.290000915527344,32.0625,31.475000381469727,274780400,28.65070343017578
2015-03-23,AAPL,31.962499618530273,31.6299991607666,31.780000686645508,31.802499771118164,150838800,28.948820114135742
2015-03-24,AAPL,32.0099983215332,31.639999389648438,31.8075008392334,31.672500610351562,131369200,28.830482482910156
2015-03-25,AAPL,31.704999923706055,30.844999313354492,31.635000228881836,30.844999313354492,206620800,28.077232360839844
2015-03-26,AAPL,31.219999313354492,30.649999618530273,30.690000534057617,31.059999465942383,190291600,28.27294158935547
2015-03-27,AAPL,31.174999237060547,30.727500915527344,31.142499923706055,30.8125,158184800,28.04765510559082
2015-03-30,AAPL,31.600000381469727,31.0,31.012500762939453,31.592500686645508,188398800,28.75766372680664
2015-03-31,AAPL,31.622499465942383,31.09000015258789,31.522499084472656,31.107500076293945,168362400,28.316181182861328
2015-04-01,AAPL,31.280000686645508,30.774999618530273,31.204999923706055,31.0625,162485600,28.275222778320312
2015-04-02,AAPL,31.389999389648438,31.047500610351562,31.25749969482422,31.329999923706055,128880400,28.518720626831055
2015-04-06,AAPL,31.877500534057617,31.082500457763672,31.11750030517578,31.837499618530273,148776000,28.98067283630371
2015-04-07,AAPL,32.029998779296875,31.4950008392334,31.90999984741211,31.502500534057617,140049200,28.67573356628418
2015-04-08,AAPL,31.600000381469727,31.24250030517578,31.462499618530273,31.399999618530273,149316800,28.582433700561523
2015-04-09,AAPL,31.645000457763672,31.165000915527344,31.462499618530273,31.639999389648438,129936000,28.800899505615234
2015-04-10,AAPL,31.802499771118164,31.315000534057617,31.487499237060547,31.774999618530273,160752000,28.92378807067871
2015-04-13,AAPL,32.14250183105469,31.65250015258789,32.092498779296875,31.712499618530273,145460400,28.866891860961914
2015-04-14,AAPL,31.822500228881836,31.477500915527344,31.75,31.575000762939453,102098400,28.741735458374023
2015-04-15,AAPL,31.782499313354492,31.502500534057617,31.602500915527344,31.69499969482422,115881600,28.850963592529297
2015-04-16,AAPL,31.774999618530273,31.52750015258789,31.56999969482422,31.542499542236328,113476000,28.71215057373047
2015-04-17,AAPL,31.53499984741211,31.114999771118164,31.387500762939453,31.1875,207828000,28.389005661010742
2015-04-20,AAPL,32.029998779296875,31.292499542236328,31.392499923706055,31.899999618530273,188217200,29.037569046020508
2015-04-21,AAPL,32.04999923706055,31.667499542236328,32.025001525878906,31.727500915527344,129740400,28.880550384521484
2015-04-22,AAPL,32.217498779296875,31.579999923706055,31.747499465942383,32.154998779296875,150618000,29.269685745239258
2015-04-23,AAPL,32.60499954223633,32.03499984741211,32.07500076293945,32.41749954223633,183083600,29.50863265991211
2015-04-24,AAPL,32.657501220703125,32.307498931884766,32.622501373291016,32.56999969482422,178103600,29.64743995666504
2015-04-27,AAPL,33.282501220703125,32.787498474121094,33.07749938964844,33.162498474121094,387816800,30.186777114868164
2015-04-28,AAPL,33.6349983215332,32.39250183105469,33.6150016784668,32.63999938964844,475696000,29.71116828918457
2015-04-29,AAPL,32.897499084472656,32.07500076293945,32.540000915527344,32.15999984741211,253544400,29.27423858642578
2015-04-30,AAPL,32.15999984741211,31.145000457763672,32.15999984741211,31.287500381469727,332781600,28.48003578186035
2015-05-01,AAPL,32.532501220703125,31.325000762939453,31.524999618530273,32.23749923706055,234050400,29.344783782958984
2015-05-04,AAPL,32.64250183105469,32.064998626708984,32.375,32.17499923706055,203953200,29.287893295288086
2015-05-05,AAPL,32.11249923706055,31.44499969482422,32.037498474121094,31.450000762939453,197085600,28.62795066833496
2015-05-06,AAPL,31.6875,30.84000015258789,31.639999389648438,31.252500534057617,288564000,28.44816780090332
2015-05-07,AAPL,31.520000457763672,31.0049991607666,31.1924991607666,31.315000534057617,175763600,28.624130249023438
2015-05-08,AAPL,31.905000686645508,31.52750015258789,31.670000076293945,31.905000686645508,222201600,29.163429260253906
2015-05-11,AAPL,31.889999389648438,31.407499313354492,31.84749984741211,31.579999923706055,168143200,28.866357803344727
2015-05-12,AAPL,31.719999313354492,31.204999923706055,31.399999618530273,31.467500686645508,192640000,28.763525009155273
2015-05-13,AAPL,31.797500610351562,31.467500686645508,31.537500381469727,31.502500534057617,138776800,28.795513153076172
2015-05-14,AAPL,32.23749923706055,31.790000915527344,31.852500915527344,32.23749923706055,180814000,29.46735954284668
2015-05-15,AAPL,32.372501373291016,32.0525016784668,32.26750183105469,32.192501068115234,152832000,29.426223754882812
2015-05-18,AAPL,32.68000030517578,32.09000015258789,32.095001220703125,32.54750061035156,203531600,29.750720977783203
2015-05-19,AAPL,32.720001220703125,32.40999984741211,32.67250061035156,32.51750183105469,178532800,29.723302841186523
2015-05-20,AAPL,32.744998931884766,32.334999084472656,32.5,32.51499938964844,145819600,29.721012115478516
2015-05-21,AAPL,32.907501220703125,32.45750045776367,32.51750183105469,32.84749984741211,158921600,30.024940490722656
2015-05-22,AAPL,33.24250030517578,32.849998474121094,32.900001525878906,33.1349983215332,182384000,30.287736892700195
2015-05-26,AAPL,33.227500915527344,32.279998779296875,33.150001525878906,32.404998779296875,282790400,29.620464324951172
2015-05-27,AAPL,33.064998626708984,32.51250076293945,32.584999084472656,33.0099983215332,183332800,30.17348289489746
2015-05-28,AAPL,32.98749923706055,32.775001525878906,32.96500015258789,32.94499969482422,122933200,30.114059448242188
2015-05-29,AAPL,32.86249923706055,32.474998474121094,32.807498931884766,32.56999969482422,203538000,29.771278381347656
2015-06-01,AAPL,32.84749984741211,32.51250076293945,32.56999969482422,32.6349983215332,128451200,29.83070182800293
2015-06-02,AAPL,32.665000915527344,32.33000183105469,32.46500015258789,32.4900016784668,134670400,29.698171615600586
2015-06-03,AAPL,32.73500061035156,32.474998474121094,32.665000915527344,32.529998779296875,123934000,29.734725952148438
2015-06-04,AAPL,32.64500045776367,32.227500915527344,32.39500045776367,32.34000015258789,153800400,29.561054229736328
2015-06-05,AAPL,32.42250061035156,32.09000015258789,32.375,32.162498474121094,142507200,29.3988037109375
2015-06-08,AAPL,32.3025016784668,31.707500457763672,32.224998474121094,31.950000762939453,210699200,29.204565048217773
2015-06-09,AAPL,32.02000045776367,31.405000686645508,31.674999237060547,31.854999542236328,224301600,29.117725372314453
2015-06-10,AAPL,32.334999084472656,31.962499618530273,31.979999542236328,32.220001220703125,156349200,29.451366424560547
2015-06-11,AAPL,32.54499816894531,32.119998931884766,32.29499816894531,32.147499084472656,141563600,29.38509178161621
2015-06-12,AAPL,32.08250045776367,31.77750015258789,32.04750061035156,31.792499542236328,147544800,29.06060218811035
2015-06-15,AAPL,31.809999465942383,31.427499771118164,31.524999618530273,31.729999542236328,175955600,29.003467559814453
2015-06-16,AAPL,31.962499618530273,31.592500686645508,31.75749969482422,31.899999618530273,125976400,29.15886116027832
2015-06-17,AAPL,31.969999313354492,31.684999465942383,31.93000030517578,31.825000762939453,131672400,29.090309143066406
2015-06-18,AAPL,32.07749938964844,31.80500030517578,31.8075008392334,31.969999313354492,141628800,29.22284507751465
2015-06-19,AAPL,31.954999923706055,31.600000381469727,31.927499771118164,31.649999618530273,218867600,28.930343627929688
2015-06-22,AAPL,32.01499938964844,31.770000457763672,31.872499465942383,31.90250015258789,136157200,29.16114616394043
2015-06-23,AAPL,31.90250015258789,31.719999313354492,31.8700008392334,31.75749969482422,121075600,29.028606414794922
2015-06-24,AAPL,32.45000076293945,31.780000686645508,31.802499771118164,32.02750015258789,221123600,29.275405883789062
2015-06-25,AAPL,32.29999923706055,31.875,32.21500015258789,31.875,127752400,29.136009216308594
2015-06-26,AAPL,31.997499465942383,31.627500534057617,31.917499542236328,31.6875,176267200,28.96462059020996
2015-06-29,AAPL,31.61750030517578,31.1200008392334,31.364999771118164,31.13249969482422,196645600,28.457311630249023
2015-06-30,AAPL,31.530000686645508,31.21500015258789,31.392499923706055,31.357500076293945,177482800,28.66297721862793
2015-07-01,AAPL,31.735000610351562,31.497499465942383,31.725000381469727,31.649999618530273,120955200,28.930343627929688
2015-07-02,AAPL,31.672500610351562,31.4424991607666,31.607500076293945,31.610000610351562,108844000,28.893779754638672
2015-07-06,AAPL,31.5575008392334,31.212499618530273,31.235000610351562,31.5,112241600,28.793230056762695
2015-07-07,AAPL,31.537500381469727,30.9424991607666,31.47249984741211,31.422500610351562,187787200,28.722393035888672
2015-07-08,AAPL,31.15999984741211,30.635000228881836,31.1200008392334,30.642499923706055,243046400,28.009416580200195
2015-07-09,AAPL,31.014999389648438,29.80500030517578,30.962499618530273,30.017499923706055,314380000,27.43812370300293
2015-07-10,AAPL,30.962499618530273,30.302499771118164,30.485000610351562,30.81999969482422,245418000,28.171667098999023
2015-07-13,AAPL,31.440000534057617,31.079999923706055,31.25749969482422,31.415000915527344,165762000,28.715539932250977
2015-07-14,AAPL,31.592500686645508,31.260000228881836,31.510000228881836,31.40250015258789,127072400,28.704111099243164
2015-07-15,AAPL,31.787500381469727,31.395000457763672,31.43000030517578,31.704999923706055,134596800,28.980619430541992
2015-07-16,AAPL,32.14250183105469,31.837499618530273,31.934999465942383,32.127498626708984,144889600,29.366806030273438
2015-07-17,AAPL,32.404998779296875,32.07749938964844,32.27000045776367,32.404998779296875,184658800,29.620464324951172
2015-07-20,AAPL,33.24250030517578,32.67499923706055,32.74250030517578,33.01750183105469,235600800,30.18033218383789
2015-07-21,AAPL,33.22999954223633,32.58000183105469,33.212501525878906,32.6875,307025600,29.878686904907227
2015-07-22,AAPL,31.375,30.497499465942383,30.497499465942383,31.30500030517578,461802400,28.614992141723633
2015-07-23,AAPL,31.772499084472656,31.264999389648438,31.549999237060547,31.290000915527344,203998000,28.601282119750977
2015-07-24,AAPL,31.434999465942383,30.975000381469727,31.329999923706055,31.125,168649200,28.450454711914062
2015-07-27,AAPL,30.90250015258789,30.530000686645508,30.772499084472656,30.6924991607666,177822000,28.05512237548828
2015-07-28,AAPL,30.977500915527344,30.637500762939453,30.844999313354492,30.844999313354492,134472400,28.19451332092285
2015-07-29,AAPL,30.875,30.5674991607666,30.787500381469727,30.747499465942383,148046800,28.10539436340332
2015-07-30,AAPL,30.642499923706055,30.427499771118164,30.579999923706055,30.592500686645508,134513200,27.963714599609375
2015-07-31,AAPL,30.65999984741211,30.227500915527344,30.649999618530273,30.325000762939453,171540000,27.719200134277344
2015-08-03,AAPL,30.642499923706055,29.3799991607666,30.375,29.610000610351562,279904000,27.065645217895508
2015-08-04,AAPL,29.424999237060547,28.3125,29.354999542236328,28.65999984741211,496554400,26.1972713470459
2015-08-05,AAPL,29.360000610351562,28.024999618530273,28.237499237060547,28.850000381469727,397250400,26.37094497680664
2015-08-06,AAPL,29.125,28.530000686645508,28.99250030517578,28.782499313354492,211612000,26.42833709716797
2015-08-07,AAPL,29.0625,28.625,28.645000457763672,28.8799991607666,154681600,26.517860412597656
2015-08-10,AAPL,29.997499465942383,29.13249969482422,29.13249969482422,29.93000030517578,219806400,27.48198127746582
2015-08-11,AAPL,29.545000076293945,28.332500457763672,29.452499389648438,28.372499465942383,388331200,26.051868438720703
2015-08-12,AAPL,28.854999542236328,27.407499313354492,28.13249969482422,28.809999465942383,404870000,26.453582763671875
2015-08-13,AAPL,29.100000381469727,28.635000228881836,29.010000228881836,28.787500381469727,194143200,26.43292808532715
2015-08-14,AAPL,29.077499389648438,28.502500534057617,28.579999923706055,28.989999771118164,171718000,26.61886215209961
2015-08-17,AAPL,29.412500381469727,28.875,29.010000228881836,29.290000915527344,163538800,26.894323348999023
2015-08-18,AAPL,29.360000610351562,29.002500534057617,29.107500076293945,29.125,138242800,26.74281883239746
2015-08-19,AAPL,29.1299991607666,28.670000076293945,29.024999618530273,28.752500534057617,193146000,26.400785446166992
2015-08-20,AAPL,28.587499618530273,27.907499313354492,28.520000457763672,28.162500381469727,274006400,25.85904312133789
2015-08-21,AAPL,27.975000381469727,26.412500381469727,27.607500076293945,26.440000534057617,513102000,24.277433395385742
2015-08-24,AAPL,27.200000762939453,23.0,23.717500686645508,25.780000686645508,648825200,23.671411514282227
2015-08-25,AAPL,27.77750015258789,25.875,27.77750015258789,25.934999465942383,414406400,23.813735961914062
2015-08-26,AAPL,27.47249984741211,26.262500762939453,26.772499084472656,27.422500610351562,387098400,25.179569244384766
2015-08-27,AAPL,28.309999465942383,27.5049991607666,28.0575008392334,28.229999542236328,338464400,25.9210205078125
2015-08-28,AAPL,28.327499389648438,27.885000228881836,28.042499542236328,28.322500228881836,212657600,26.00596046447754
2015-08-31,AAPL,28.63249969482422,28.0,28.00749969482422,28.190000534057617,224917200,25.884292602539062
2015-09-01,AAPL,27.969999313354492,26.84000015258789,27.537500381469727,26.93000030517578,307383600,24.727354049682617
2015-09-02,AAPL,28.084999084472656,27.282499313354492,27.5575008392334,28.084999084472656,247555200,25.787879943847656
2015-09-03,AAPL,28.19499969482422,27.510000228881836,28.122499465942383,27.592500686645508,212935600,25.335664749145508
2015-09-04,AAPL,27.612499237060547,27.127500534057617,27.24250030517578,27.3174991607666,199985200,25.083160400390625
2015-09-08,AAPL,28.139999389648438,27.579999923706055,27.9375,28.077499389648438,219374400,25.78099250793457
2015-09-09,AAPL,28.5049991607666,27.4424991607666,28.440000534057617,27.537500381469727,340043200,25.28516387939453
2015-09-10,AAPL,28.31999969482422,27.475000381469727,27.5674991607666,28.142499923706055,251571200,25.84067726135254
2015-09-11,AAPL,28.552499771118164,27.940000534057617,27.947500228881836,28.552499771118164,199662000,26.217140197753906
2015-09-14,AAPL,29.22249984741211,28.71500015258789,29.145000457763672,28.827499389648438,233453600,26.469650268554688
2015-09-15,AAPL,29.13249969482422,28.604999542236328,28.982500076293945,29.06999969482422,173364800,26.69231605529785
2015-09-16,AAPL,29.135000228881836,28.860000610351562,29.0625,29.102500915527344,148694000,26.722164154052734
2015-09-17,AAPL,29.122499465942383,28.43000030517578,28.915000915527344,28.479999542236328,256450400,26.150577545166016
2015-09-18,AAPL,28.575000762939453,27.967500686645508,28.052499771118164,28.362499237060547,297141200,26.042688369750977
2015-09-21,AAPL,28.842500686645508,28.415000915527344,28.417499542236328,28.802499771118164,200888000,26.446697235107422
2015-09-22,AAPL,28.545000076293945,28.1299991607666,28.344999313354492,28.350000381469727,201384800,26.031206130981445
2015-09-23,AAPL,28.68000030517578,28.325000762939453,28.407499313354492,28.579999923706055,143026800,26.242399215698242
2015-09-24,AAPL,28.875,28.092500686645508,28.3125,28.75,200878000,26.39849090576172
2015-09-25,AAPL,29.172500610351562,28.5049991607666,29.110000610351562,28.677499771118164,224607600,26.33192253112793
2015-09-28,AAPL,28.642499923706055,28.110000610351562,28.462499618530273,28.110000610351562,208436000,25.810836791992188
2015-09-29,AAPL,28.377500534057617,26.96500015258789,28.207500457763672,27.264999389648438,293461600,25.034954071044922
2015-09-30,AAPL,27.885000228881836,27.1825008392334,27.542499542236328,27.575000762939453,265892000,25.319597244262695
2015-10-01,AAPL,27.405000686645508,26.827499389648438,27.267499923706055,27.395000457763672,255716400,25.15431785583496
2015-10-02,AAPL,27.752500534057617,26.887500762939453,27.002500534057617,27.594999313354492,232079200,25.33795738220215
2015-10-05,AAPL,27.842500686645508,27.267499923706055,27.469999313354492,27.69499969482422,208258800,25.429780960083008
2015-10-06,AAPL,27.934999465942383,27.4424991607666,27.657499313354492,27.827499389648438,192787200,25.55144691467285
2015-10-07,AAPL,27.9424991607666,27.352500915527344,27.934999465942383,27.69499969482422,187062400,25.429780960083008
2015-10-08,AAPL,27.547500610351562,27.052499771118164,27.547500610351562,27.375,247918400,25.135953903198242
2015-10-09,AAPL,28.06999969482422,27.372499465942383,27.5,28.030000686645508,211064400,25.737384796142578
2015-10-12,AAPL,28.1875,27.860000610351562,28.1825008392334,27.899999618530273,121868800,25.618013381958008
2015-10-13,AAPL,28.112499237060547,27.670000076293945,27.704999923706055,27.947500228881836,132197200,25.6616268157959
2015-10-14,AAPL,27.8799991607666,27.389999389648438,27.822500228881836,27.552499771118164,177849600,25.298934936523438
2015-10-15,AAPL,28.024999618530273,27.622499465942383,27.732500076293945,27.96500015258789,150694000,25.677698135375977
2015-10-16,AAPL,28.0,27.63249969482422,27.94499969482422,27.760000228881836,156930400,25.48946762084961
2015-10-19,AAPL,27.9375,27.52750015258789,27.700000762939453,27.9325008392334,119036800,25.647850036621094
2015-10-20,AAPL,28.542499542236328,27.704999923706055,27.834999084472656,28.4424991607666,195871200,26.11614227294922
2015-10-21,AAPL,28.895000457763672,28.424999237060547,28.5,28.440000534057617,167180800,26.11384391784668
2015-10-22,AAPL,28.875,28.524999618530273,28.582500457763672,28.875,166616400,26.51326560974121
2015-10-23,AAPL,29.8075008392334,29.082500457763672,29.174999237060547,29.770000457763672,237467600,27.335063934326172
2015-10-26,AAPL,29.532499313354492,28.729999542236328,29.520000457763672,28.81999969482422,265335200,26.4627685546875
2015-10-27,AAPL,29.135000228881836,28.497499465942383,28.850000381469727,28.637500762939453,279537600,26.295194625854492
2015-10-28,AAPL,29.825000762939453,29.014999389648438,29.232500076293945,29.8174991607666,342205600,27.378677368164062
2015-10-29,AAPL,30.172500610351562,29.5674991607666,29.674999237060547,30.13249969482422,204909200,27.66791343688965
2015-10-30,AAPL,30.30500030517578,29.862499237060547,30.247499465942383,29.875,197461200,27.431472778320312
2015-11-02,AAPL,30.34000015258789,29.90250015258789,30.200000762939453,30.295000076293945,128813200,27.817121505737305
2015-11-03,AAPL,30.872499465942383,30.174999237060547,30.197500228881836,30.642499923706055,182076000,28.136201858520508
2015-11-04,AAPL,30.954999923706055,30.405000686645508,30.782499313354492,30.5,179544400,28.005355834960938
2015-11-05,AAPL,30.672500610351562,30.045000076293945,30.462499618530273,30.229999542236328,158210800,27.876256942749023
2015-11-06,AAPL,30.452499389648438,30.155000686645508,30.27750015258789,30.264999389648438,132169200,27.908531188964844
2015-11-09,AAPL,30.452499389648438,30.012500762939453,30.239999771118164,30.142499923706055,135485600,27.795568466186523
2015-11-10,AAPL,29.517499923706055,29.014999389648438,29.225000381469727,29.1924991607666,236511600,26.919532775878906
2015-11-11,AAPL,29.354999542236328,28.802499771118164,29.092500686645508,29.02750015258789,180872000,26.76738929748535
2015-11-12,AAPL,29.204999923706055,28.912500381469727,29.065000534057617,28.93000030517578,130102400,26.67747688293457
2015-11-13,AAPL,28.892499923706055,28.0674991607666,28.799999237060547,28.084999084472656,183249600,25.898263931274414
2015-11-16,AAPL,28.559999465942383,27.75,27.844999313354492,28.545000076293945,152426800,26.322452545166016
2015-11-17,AAPL,28.762500762939453,28.329999923706055,28.729999542236328,28.422500610351562,110467600,26.209489822387695
2015-11-18,AAPL,29.372499465942383,28.875,28.940000534057617,29.322500228881836,186698800,27.039413452148438
2015-11-19,AAPL,29.9375,29.190000534057617,29.40999984741211,29.69499969482422,173183200,27.382909774780273
2015-11-20,AAPL,29.979999542236328,29.712499618530273,29.799999237060547,29.825000762939453,137148400,27.502788543701172
2015-11-23,AAPL,29.9325008392334,29.334999084472656,29.8174991607666,29.4375,129930000,27.145462036132812
2015-11-24,AAPL,29.837499618530273,29.280000686645508,29.332500457763672,29.719999313354492,171212800,27.405961990356445
2015-11-25,AAPL,29.8075008392334,29.479999542236328,29.802499771118164,29.50749969482422,85553200,27.21000862121582
2015-11-27,AAPL,29.602500915527344,29.399999618530273,29.572500228881836,29.452499389648438,52185600,27.15928840637207
2015-11-30,AAPL,29.852500915527344,29.4375,29.497499465942383,29.575000762939453,156721200,27.272254943847656
2015-12-01,AAPL,29.702499389648438,29.21500015258789,29.6875,29.334999084472656,139409600,27.05094337463379
2015-12-02,AAPL,29.52750015258789,29.020000457763672,29.334999084472656,29.06999969482422,133546400,26.80657386779785
2015-12-03,AAPL,29.197500228881836,28.55500030517578,29.137500762939453,28.799999237060547,166278000,26.55759620666504
2015-12-04,AAPL,29.8125,28.77750015258789,28.822500228881836,29.75749969482422,231108000,27.44054412841797
2015-12-07,AAPL,29.96500015258789,29.452499389648438,29.7450008392334,29.56999969482422,128336800,27.26764488220215
2015-12-08,AAPL,29.649999618530273,29.21500015258789,29.3799991607666,29.5575008392334,137238000,27.25611686706543
2015-12-09,AAPL,29.422500610351562,28.770000457763672,29.40999984741211,28.905000686645508,185445600,26.65442657470703
2015-12-10,AAPL,29.235000610351562,28.877500534057617,29.010000228881836,29.042499542236328,116850800,26.78121566772461
2015-12-11,AAPL,28.84749984741211,28.212499618530273,28.797500610351562,28.295000076293945,187544800,26.091915130615234
2015-12-14,AAPL,28.170000076293945,27.447500228881836,28.045000076293945,28.1200008392334,257274800,25.930545806884766
2015-12-15,AAPL,28.200000762939453,27.587499618530273,27.985000610351562,27.622499465942383,213292400,25.471778869628906
2015-12-16,AAPL,27.997499465942383,27.200000762939453,27.767499923706055,27.834999084472656,224954000,25.6677303314209
2015-12-17,AAPL,28.0625,27.2450008392334,28.0049991607666,27.2450008392334,179091200,25.123668670654297
2015-12-18,AAPL,27.3799991607666,26.452499389648438,27.227500915527344,26.50749969482422,385813200,24.44359588623047
2015-12-21,AAPL,26.842500686645508,26.392499923706055,26.81999969482422,26.832500457763672,190362400,24.743288040161133
2015-12-22,AAPL,26.93000030517578,26.612499237060547,26.850000381469727,26.8075008392334,131157600,24.720230102539062
2015-12-23,AAPL,27.212499618530273,26.799999237060547,26.8174991607666,27.15250015258789,130629600,25.038375854492188
2015-12-24,AAPL,27.25,26.987499237060547,27.25,27.00749969482422,54281600,24.9046573638916
2015-12-28,AAPL,26.922500610351562,26.545000076293945,26.897499084472656,26.704999923706055,106816800,24.625717163085938
2015-12-29,AAPL,27.357500076293945,26.71500015258789,26.739999771118164,27.184999465942383,123724800,25.068344116210938
2015-12-30,AAPL,27.174999237060547,26.795000076293945,27.145000457763672,26.829999923706055,100855200,24.74098014831543
2015-12-31,AAPL,26.75749969482422,26.204999923706055,26.752500534057617,26.315000534057617,163649200,24.266082763671875
2016-01-04,AAPL,26.342500686645508,25.5,25.65250015258789,26.337499618530273,270597600,24.286828994750977
2016-01-05,AAPL,26.462499618530273,25.602500915527344,26.4375,25.677499771118164,223164000,23.678220748901367
2016-01-06,AAPL,25.592500686645508,24.967500686645508,25.139999389648438,25.174999237060547,273829600,23.21484375
2016-01-07,AAPL,25.032499313354492,24.107500076293945,24.670000076293945,24.112499237060547,324377600,22.235069274902344
2016-01-08,AAPL,24.77750015258789,24.190000534057617,24.637500762939453,24.239999771118164,283192000,22.352643966674805
2016-01-11,AAPL,24.764999389648438,24.334999084472656,24.74250030517578,24.63249969482422,198957600,22.714584350585938
2016-01-12,AAPL,25.172500610351562,24.709999084472656,25.137500762939453,24.989999771118164,196616800,23.04424476623535
2016-01-13,AAPL,25.297500610351562,24.325000762939453,25.079999923706055,24.34749984741211,249758400,22.45177459716797
2016-01-14,AAPL,25.1200008392334,23.934999465942383,24.489999771118164,24.8799991607666,252680400,22.94281005859375
2016-01-15,AAPL,24.427499771118164,23.84000015258789,24.049999237060547,24.282499313354492,319335600,22.39183807373047
2016-01-19,AAPL,24.662500381469727,23.875,24.602500915527344,24.165000915527344,212350800,22.283485412597656
2016-01-20,AAPL,24.547500610351562,23.354999542236328,23.774999618530273,24.197500228881836,289337600,22.31345558166504
2016-01-21,AAPL,24.469999313354492,23.735000610351562,24.264999389648438,24.075000762939453,208646000,22.200490951538086
2016-01-22,AAPL,25.364999771118164,24.592500686645508,24.657499313354492,25.354999542236328,263202000,23.380826950073242
2016-01-25,AAPL,25.38249969482422,24.802499771118164,25.3799991607666,24.860000610351562,207178000,22.92436981201172
2016-01-26,AAPL,25.219999313354492,24.517499923706055,24.982500076293945,24.997499465942383,300308000,23.051164627075195
2016-01-27,AAPL,24.157499313354492,23.334999084472656,24.010000228881836,23.354999542236328,533478800,21.53655242919922
2016-01-28,AAPL,23.6299991607666,23.09749984741211,23.447500228881836,23.522499084472656,222715200,21.691003799438477
2016-01-29,AAPL,24.334999084472656,23.587499618530273,23.697500228881836,24.334999084472656,257666000,22.440242767333984
2016-02-01,AAPL,24.177499771118164,23.850000381469727,24.11750030517578,24.107500076293945,163774000,22.230459213256836
2016-02-02,AAPL,24.010000228881836,23.56999969482422,23.854999542236328,23.6200008392334,149428800,21.780921936035156
2016-02-03,AAPL,24.209999084472656,23.520000457763672,23.75,24.087499618530273,183857200,22.21201515197754
2016-02-04,AAPL,24.332500457763672,23.797500610351562,23.96500015258789,24.149999618530273,185886800,22.390491485595703
2016-02-05,AAPL,24.229999542236328,23.422500610351562,24.1299991607666,23.5049991607666,185672400,21.792484283447266
2016-02-08,AAPL,23.924999237060547,23.260000228881836,23.282499313354492,23.752500534057617,216085600,22.02195167541504
2016-02-09,AAPL,23.985000610351562,23.482500076293945,23.572500228881836,23.747499465942383,177324800,22.017314910888672
2016-02-10,AAPL,24.087499618530273,23.524999618530273,23.979999542236328,23.5674991607666,169374400,21.850431442260742
2016-02-11,AAPL,23.68000030517578,23.147499084472656,23.447500228881836,23.424999237060547,200298800,21.71831512451172
2016-02-12,AAPL,23.625,23.252500534057617,23.547500610351562,23.497499465942383,161405600,21.78553009033203
2016-02-16,AAPL,24.212499618530273,23.65250015258789,23.7549991607666,24.15999984741211,196231600,22.399763107299805
2016-02-17,AAPL,24.552499771118164,24.037500381469727,24.167499542236328,24.530000686645508,179452800,22.742809295654297
2016-02-18,AAPL,24.72249984741211,24.022499084472656,24.709999084472656,24.065000534057617,156084000,22.31168556213379
2016-02-19,AAPL,24.190000534057617,23.950000762939453,24.0,24.010000228881836,141496800,22.26068878173828
2016-02-22,AAPL,24.225000381469727,23.979999542236328,24.077499389648438,24.219999313354492,137123200,22.45539093017578
2016-02-23,AAPL,24.125,23.637500762939453,24.100000381469727,23.672500610351562,127770400,21.947786331176758
2016-02-24,AAPL,24.094999313354492,23.329999923706055,23.4950008392334,24.024999618530273,145022800,22.274599075317383
2016-02-25,AAPL,24.190000534057617,23.8125,24.012500762939453,24.190000534057617,110330800,22.427579879760742
2016-02-26,AAPL,24.5049991607666,24.145000457763672,24.299999237060547,24.227500915527344,115964400,22.46234703063965
2016-02-29,AAPL,24.5575008392334,24.162500381469727,24.21500015258789,24.172500610351562,140865200,22.411354064941406
2016-03-01,AAPL,25.1924991607666,24.354999542236328,24.412500381469727,25.13249969482422,201628400,23.30141258239746
2016-03-02,AAPL,25.22249984741211,24.90999984741211,25.127500534057617,25.1875,132678400,23.352397918701172
2016-03-03,AAPL,25.427499771118164,25.112499237060547,25.145000457763672,25.375,147822800,23.5262393951416
2016-03-04,AAPL,25.9375,25.342500686645508,25.592500686645508,25.752500534057617,184220400,23.87624168395996
2016-03-07,AAPL,25.707500457763672,25.239999771118164,25.59749984741211,25.467500686645508,143315600,23.61200523376465
2016-03-08,AAPL,25.440000534057617,25.100000381469727,25.19499969482422,25.25749969482422,126247600,23.41730308532715
2016-03-09,AAPL,25.395000457763672,25.0674991607666,25.327499389648438,25.280000686645508,108806800,23.438161849975586
2016-03-10,AAPL,25.559999465942383,25.037500381469727,25.352500915527344,25.292499542236328,134054400,23.449750900268555
2016-03-11,AAPL,25.56999969482422,25.375,25.559999465942383,25.565000534057617,109632800,23.702402114868164
2016-03-14,AAPL,25.727500915527344,25.44499969482422,25.477500915527344,25.6299991607666,100304400,23.762666702270508
2016-03-15,AAPL,26.295000076293945,25.962499618530273,25.989999771118164,26.145000457763672,160270800,24.240142822265625
2016-03-16,AAPL,26.577499389648438,26.147499084472656,26.15250015258789,26.49250030517578,153214000,24.56232261657715
2016-03-17,AAPL,26.61750030517578,26.239999771118164,26.3799991607666,26.450000762939453,137682800,24.52292251586914
2016-03-18,AAPL,26.625,26.297500610351562,26.584999084472656,26.479999542236328,176820800,24.55073356628418
2016-03-21,AAPL,26.912500381469727,26.28499984741211,26.482500076293945,26.477500915527344,142010800,24.548418045043945
2016-03-22,AAPL,26.822500228881836,26.302499771118164,26.3125,26.68000030517578,129777600,24.73616600036621
2016-03-23,AAPL,26.767499923706055,26.475000381469727,26.6200008392334,26.532499313354492,102814000,24.599411010742188
2016-03-24,AAPL,26.5625,26.22249984741211,26.36750030517578,26.417499542236328,104532000,24.492786407470703
2016-03-28,AAPL,26.547500610351562,26.264999389648438,26.5,26.297500610351562,77645600,24.381534576416016
2016-03-29,AAPL,26.947500228881836,26.219999313354492,26.22249984741211,26.920000076293945,124760400,24.958677291870117
2016-03-30,AAPL,27.604999542236328,27.149999618530273,27.162500381469727,27.389999389648438,182404400,25.394433975219727
2016-03-31,AAPL,27.475000381469727,27.219999313354492,27.43000030517578,27.247499465942383,103553600,25.262311935424805
2016-04-01,AAPL,27.5,27.049999237060547,27.19499969482422,27.497499465942383,103496000,25.494102478027344
2016-04-04,AAPL,28.047500610351562,27.5674991607666,27.604999542236328,27.780000686645508,149424800,25.756023406982422
2016-04-05,AAPL,27.6825008392334,27.354999542236328,27.377500534057617,27.452499389648438,106314800,25.452377319335938
2016-04-06,AAPL,27.7450008392334,27.299999237060547,27.5575008392334,27.739999771118164,105616400,25.718931198120117
2016-04-07,AAPL,27.604999542236328,27.030000686645508,27.487499237060547,27.135000228881836,127207600,25.15801239013672
2016-04-08,AAPL,27.4424991607666,27.042499542236328,27.227500915527344,27.165000915527344,94326800,25.185827255249023
2016-04-11,AAPL,27.65250015258789,27.207500457763672,27.24250030517578,27.2549991607666,117630000,25.26926612854004
2016-04-12,AAPL,27.625,27.165000915527344,27.334999084472656,27.610000610351562,108929200,25.598403930664062
2016-04-13,AAPL,28.084999084472656,27.700000762939453,27.700000762939453,28.010000228881836,133029200,25.969263076782227
2016-04-14,AAPL,28.09749984741211,27.832500457763672,27.905000686645508,28.024999618530273,101895600,25.983171463012695
2016-04-15,AAPL,28.075000762939453,27.4325008392334,28.02750015258789,27.462499618530273,187756000,25.461654663085938
2016-04-18,AAPL,27.237499237060547,26.735000610351562,27.22249984741211,26.8700008392334,243286000,24.912321090698242
2016-04-19,AAPL,27.0,26.5575008392334,26.969999313354492,26.727500915527344,129539600,24.780202865600586
2016-04-20,AAPL,27.022499084472656,26.514999389648438,26.65999984741211,26.782499313354492,122444000,24.831192016601562
2016-04-21,AAPL,26.732500076293945,26.3799991607666,26.732500076293945,26.49250030517578,126210000,24.56232261657715
2016-04-22,AAPL,26.6200008392334,26.155000686645508,26.252500534057617,26.420000076293945,134732400,24.49510383605957
2016-04-25,AAPL,26.412500381469727,26.127500534057617,26.25,26.270000457763672,112126400,24.356035232543945
2016-04-26,AAPL,26.325000762939453,25.977500915527344,25.977500915527344,26.087499618530273,224064800,24.186832427978516
2016-04-27,AAPL,24.677499771118164,23.920000076293945,24.0,24.454999923706055,458408400,22.67326545715332
2016-04-28,AAPL,24.469999313354492,23.5625,24.40250015258789,23.707500457763672,328970800,21.980228424072266
2016-04-29,AAPL,23.68000030517578,23.127500534057617,23.497499465942383,23.434999465942383,274126000,21.72758674621582
2016-05-02,AAPL,23.520000457763672,23.100000381469727,23.49250030517578,23.40999984741211,192640400,21.704404830932617
2016-05-03,AAPL,23.934999465942383,23.420000076293945,23.549999237060547,23.795000076293945,227325200,22.061359405517578
2016-05-04,AAPL,23.975000381469727,23.454999923706055,23.799999237060547,23.547500610351562,164102000,21.831890106201172
2016-05-05,AAPL,23.517499923706055,23.170000076293945,23.5,23.309999465942383,143562000,21.743276596069336
2016-05-06,AAPL,23.362499237060547,22.962499618530273,23.342500686645508,23.18000030517578,174799600,21.62201499938965
2016-05-09,AAPL,23.4424991607666,23.147499084472656,23.25,23.197500228881836,131745600,21.638336181640625
2016-05-10,AAPL,23.392499923706055,23.02750015258789,23.332500457763672,23.354999542236328,134747200,21.78525161743164
2016-05-11,AAPL,23.392499923706055,23.114999771118164,23.3700008392334,23.127500534057617,114876400,21.573043823242188
2016-05-12,AAPL,23.19499969482422,22.36750030517578,23.18000030517578,22.584999084472656,305258800,21.06700325012207
2016-05-13,AAPL,22.917499542236328,22.5,22.5,22.6299991607666,177571200,21.10897445678711
2016-05-16,AAPL,23.59749984741211,22.912500381469727,23.09749984741211,23.469999313354492,245039200,21.892520904541016
2016-05-17,AAPL,23.674999237060547,23.252500534057617,23.637500762939453,23.372499465942383,187667600,21.801572799682617
2016-05-18,AAPL,23.802499771118164,23.47249984741211,23.540000915527344,23.639999389648438,168249600,22.05109405517578
2016-05-19,AAPL,23.65999984741211,23.392499923706055,23.65999984741211,23.549999237060547,121768400,21.967140197753906
2016-05-20,AAPL,23.857500076293945,23.6299991607666,23.65999984741211,23.80500030517578,128104000,22.205013275146484
2016-05-23,AAPL,24.297500610351562,23.917499542236328,23.967500686645508,24.107500076293945,152074400,22.487171173095703
2016-05-24,AAPL,24.522499084472656,24.209999084472656,24.30500030517578,24.475000381469727,140560800,22.829971313476562
2016-05-25,AAPL,24.934999465942383,24.52750015258789,24.667499542236328,24.905000686645508,152675200,23.23107147216797
2016-05-26,AAPL,25.1825008392334,24.65999984741211,24.920000076293945,25.102500915527344,225324800,23.415294647216797
2016-05-27,AAPL,25.11750030517578,24.8125,24.860000610351562,25.087499618530273,145364800,23.401304244995117
2016-05-31,AAPL,25.100000381469727,24.704999923706055,24.899999618530273,24.96500015258789,169228800,23.28704071044922
2016-06-01,AAPL,24.885000228881836,24.582500457763672,24.7549991607666,24.614999771118164,116693200,22.960561752319336
2016-06-02,AAPL,24.459999084472656,24.157499313354492,24.399999618530273,24.43000030517578,160766400,22.78799819946289
2016-06-03,AAPL,24.5674991607666,24.362499237060547,24.447500228881836,24.479999542236328,114019600,22.834636688232422
2016-06-06,AAPL,25.47249984741211,24.387500762939453,24.497499465942383,24.657499313354492,93170000,23.00020408630371
2016-06-07,AAPL,24.967500686645508,24.739999771118164,24.8125,24.75749969482422,89638000,23.093477249145508
2016-06-08,AAPL,24.889999389648438,24.670000076293945,24.7549991607666,24.735000610351562,83392400,23.072494506835938
2016-06-09,AAPL,24.997499465942383,24.614999771118164,24.625,24.912500381469727,106405600,23.23806381225586
2016-06-10,AAPL,24.837499618530273,24.6200008392334,24.63249969482422,24.707500457763672,126851600,23.046844482421875
2016-06-13,AAPL,24.780000686645508,24.274999618530273,24.672500610351562,24.334999084472656,152082000,22.69938087463379
2016-06-14,AAPL,24.6200008392334,24.1875,24.329999923706055,24.364999771118164,127727600,22.72736167907715
2016-06-15,AAPL,24.602500915527344,24.25749969482422,24.454999923706055,24.28499984741211,117780800,22.652740478515625
2016-06-16,AAPL,24.4375,24.017499923706055,24.112499237060547,24.387500762939453,125307200,22.748353958129883
2016-06-17,AAPL,24.162500381469727,23.825000762939453,24.155000686645508,23.832500457763672,244032800,22.23065757751465
2016-06-20,AAPL,24.142499923706055,23.75749969482422,24.0,23.774999618530273,137647600,22.177019119262695
2016-06-21,AAPL,24.087499618530273,23.670000076293945,23.735000610351562,23.977500915527344,142185600,22.36590576171875
2016-06-22,AAPL,24.22249984741211,23.837499618530273,24.0625,23.887500762939453,116876400,22.28195571899414
2016-06-23,AAPL,24.072500228881836,23.8125,23.985000610351562,24.024999618530273,128960800,22.410219192504883
2016-06-24,AAPL,23.665000915527344,23.162500381469727,23.227500915527344,23.350000381469727,301245600,21.780588150024414
2016-06-27,AAPL,23.262500762939453,22.875,23.25,23.010000228881836,181958400,21.463438034057617
2016-06-28,AAPL,23.415000915527344,23.03499984741211,23.225000381469727,23.397499084472656,161779600,21.824892044067383
2016-06-29,AAPL,23.637500762939453,23.407499313354492,23.49250030517578,23.600000381469727,146124000,22.01378631591797
2016-06-30,AAPL,23.9424991607666,23.575000762939453,23.610000610351562,23.899999618530273,143345600,22.293615341186523
2016-07-01,AAPL,24.11750030517578,23.832500457763672,23.872499465942383,23.97249984741211,104106000,22.361244201660156
2016-07-05,AAPL,23.850000381469727,23.614999771118164,23.84749984741211,23.747499465942383,110820800,22.1513671875
2016-07-06,AAPL,23.915000915527344,23.592500686645508,23.649999618530273,23.88249969482422,123796400,22.277297973632812
2016-07-07,AAPL,24.125,23.905000686645508,23.924999237060547,23.985000610351562,100558400,22.37290382385254
2016-07-08,AAPL,24.22249984741211,24.012500762939453,24.122499465942383,24.170000076293945,115648400,22.54547119140625
2016-07-11,AAPL,24.412500381469727,24.1825008392334,24.1875,24.2450008392334,95179600,22.615432739257812
2016-07-12,AAPL,24.424999237060547,24.280000686645508,24.292499542236328,24.354999542236328,96670000,22.718029022216797
2016-07-13,AAPL,24.417499542236328,24.209999084472656,24.352500915527344,24.217500686645508,103568800,22.589780807495117
2016-07-14,AAPL,24.747499465942383,24.329999923706055,24.34749984741211,24.697500228881836,155676000,23.037513732910156
2016-07-15,AAPL,24.825000762939453,24.625,24.729999542236328,24.69499969482422,120548000,23.035188674926758
2016-07-18,AAPL,25.032499313354492,24.649999618530273,24.674999237060547,24.957500457763672,145975600,23.280040740966797
2016-07-19,AAPL,25.0,24.834999084472656,24.889999389648438,24.967500686645508,95119600,23.289369583129883
2016-07-20,AAPL,25.114999771118164,24.934999465942383,25.0,24.989999771118164,105104000,23.31035614013672
2016-07-21,AAPL,25.25,24.782499313354492,24.957500457763672,24.857500076293945,130808000,23.186765670776367
2016-07-22,AAPL,24.825000762939453,24.577499389648438,24.815000534057617,24.665000915527344,113254800,23.0072021484375
2016-07-25,AAPL,24.709999084472656,24.229999542236328,24.5625,24.334999084472656,161531600,22.69938087463379
2016-07-26,AAPL,24.49250030517578,24.104999542236328,24.204999923706055,24.167499542236328,224959200,22.54313850402832
2016-07-27,AAPL,26.087499618530273,25.6875,26.0674991607666,25.737499237060547,369379200,24.007617950439453
2016-07-28,AAPL,26.112499237060547,25.704999923706055,25.707500457763672,26.084999084472656,159479200,24.33175277709961
2016-07-29,AAPL,26.137500762939453,25.920000076293945,26.047500610351562,26.052499771118164,110934800,24.30144500732422
2016-08-01,AAPL,26.537500381469727,26.102500915527344,26.102500915527344,26.512500762939453,152671600,24.73052978515625
2016-08-02,AAPL,26.517499923706055,26.0,26.512500762939453,26.1200008392334,135266400,24.364408493041992
2016-08-03,AAPL,26.459999084472656,26.1924991607666,26.202499389648438,26.447500228881836,120810400,24.669898986816406
2016-08-04,AAPL,26.5,26.31999969482422,26.395000457763672,26.467500686645508,109634800,24.82229232788086
2016-08-05,AAPL,26.912500381469727,26.545000076293945,26.5674991607666,26.8700008392334,162213600,25.19977569580078
2016-08-08,AAPL,27.092500686645508,26.790000915527344,26.8799991607666,27.092500686645508,112148800,25.408449172973633
2016-08-09,AAPL,27.235000610351562,27.002500534057617,27.0575008392334,27.202499389648438,105260800,25.5116024017334
2016-08-10,AAPL,27.225000381469727,26.940000534057617,27.177499771118164,27.0,96034000,25.321691513061523
2016-08-11,AAPL,27.232500076293945,26.962499618530273,27.1299991607666,26.982500076293945,109938000,25.305280685424805
2016-08-12,AAPL,27.110000610351562,26.94499969482422,26.94499969482422,27.045000076293945,74641600,25.363895416259766
2016-08-15,AAPL,27.385000228881836,27.020000457763672,27.03499984741211,27.3700008392334,103472800,25.6686954498291
2016-08-16,AAPL,27.5575008392334,27.302499771118164,27.407499313354492,27.344999313354492,135177600,25.645246505737305
2016-08-17,AAPL,27.342500686645508,27.084999084472656,27.274999618530273,27.30500030517578,101424000,25.60773277282715
2016-08-18,AAPL,27.399999618530273,27.2549991607666,27.3075008392334,27.270000457763672,87938800,25.57491111755371
2016-08-19,AAPL,27.422500610351562,27.09000015258789,27.1924991607666,27.34000015258789,101472400,25.640562057495117
2016-08-22,AAPL,27.274999618530273,26.962499618530273,27.21500015258789,27.127500534057617,103280800,25.44127082824707
2016-08-23,AAPL,27.329999923706055,27.13249969482422,27.147499084472656,27.212499618530273,85030800,25.52098274230957
2016-08-24,AAPL,27.1875,26.920000076293945,27.142499923706055,27.00749969482422,94700400,25.328723907470703
2016-08-25,AAPL,26.969999313354492,26.670000076293945,26.84749984741211,26.892499923706055,100344800,25.220876693725586
2016-08-26,AAPL,26.987499237060547,26.577499389648438,26.852500915527344,26.735000610351562,111065200,25.07316780090332
2016-08-29,AAPL,26.860000610351562,26.572500228881836,26.655000686645508,26.704999923706055,99881200,25.04503059387207
2016-08-30,AAPL,26.625,26.375,26.450000762939453,26.5,99455600,24.85277557373047
2016-08-31,AAPL,26.642499923706055,26.40999984741211,26.415000915527344,26.524999618530273,118649600,24.876218795776367
2016-09-01,AAPL,26.700000762939453,26.405000686645508,26.53499984741211,26.6825008392334,106806000,25.02392578125
2016-09-02,AAPL,27.0,26.704999923706055,26.924999237060547,26.9325008392334,107210000,25.258390426635742
2016-09-06,AAPL,27.075000762939453,26.877500534057617,26.975000381469727,26.924999237060547,107521600,25.251354217529297
2016-09-07,AAPL,27.190000534057617,26.767499923706055,26.957500457763672,27.09000015258789,169457200,25.406099319458008
2016-09-08,AAPL,26.8174991607666,26.309999465942383,26.8125,26.3799991607666,212008000,24.74022674560547
2016-09-09,AAPL,26.43000030517578,25.782499313354492,26.15999984741211,25.782499313354492,186228000,24.17987060546875
2016-09-12,AAPL,26.43000030517578,25.63249969482422,25.662500381469727,26.360000610351562,181171200,24.721473693847656
2016-09-13,AAPL,27.197500228881836,26.809999465942383,26.877500534057617,26.987499237060547,248704800,25.309968948364258
2016-09-14,AAPL,28.25749969482422,27.149999618530273,27.1825008392334,27.9424991607666,443554800,26.205608367919922
2016-09-15,AAPL,28.9325008392334,28.372499465942383,28.46500015258789,28.892499923706055,359934400,27.096555709838867
2016-09-16,AAPL,29.032499313354492,28.510000228881836,28.780000686645508,28.729999542236328,319547600,26.944156646728516
2016-09-19,AAPL,29.045000076293945,28.3125,28.797500610351562,28.395000457763672,188092000,26.62998390197754
2016-09-20,AAPL,28.530000686645508,28.127500534057617,28.262500762939453,28.392499923706055,138057200,26.627639770507812
2016-09-21,AAPL,28.497499465942383,28.110000610351562,28.462499618530273,28.387500762939453,144012800,26.62295150756836
2016-09-22,AAPL,28.735000610351562,28.5,28.587499618530273,28.655000686645508,124296000,26.873821258544922
2016-09-23,AAPL,28.697500228881836,27.887500762939453,28.604999542236328,28.177499771118164,209924800,26.426002502441406
2016-09-26,AAPL,28.34749984741211,27.887500762939453,27.90999984741211,28.219999313354492,119477600,26.46585464477539
2016-09-27,AAPL,28.295000076293945,28.084999084472656,28.25,28.272499084472656,98429600,26.515094757080078
2016-09-28,AAPL,28.65999984741211,28.357500076293945,28.422500610351562,28.487499237060547,118564400,26.71673011779785
2016-09-29,AAPL,28.450000762939453,27.950000762939453,28.290000915527344,28.045000076293945,143548000,26.301733016967773
2016-09-30,AAPL,28.342500686645508,27.950000762939453,28.114999771118164,28.262500762939453,145516400,26.505718231201172
2016-10-03,AAPL,28.262500762939453,28.06999969482422,28.177499771118164,28.1299991607666,86807200,26.381446838378906
2016-10-04,AAPL,28.577499389648438,28.157499313354492,28.264999389648438,28.25,118947200,26.493993759155273
2016-10-05,AAPL,28.415000915527344,28.172500610351562,28.350000381469727,28.262500762939453,85812400,26.505718231201172
2016-10-06,AAPL,28.584999084472656,28.282499313354492,28.424999237060547,28.47249984741211,115117200,26.702667236328125
2016-10-07,AAPL,28.639999389648438,28.377500534057617,28.577499389648438,28.514999389648438,97433600,26.742521286010742
2016-10-10,AAPL,29.1875,28.68000030517578,28.7549991607666,29.012500762939453,144944000,27.209095001220703
2016-10-11,AAPL,29.672500610351562,29.049999237060547,29.424999237060547,29.075000762939453,256164000,27.267717361450195
2016-10-12,AAPL,29.4950008392334,29.1875,29.337499618530273,29.334999084472656,150347200,27.511550903320312
2016-10-13,AAPL,29.360000610351562,28.93000030517578,29.197500228881836,29.2450008392334,140769600,27.427146911621094
2016-10-14,AAPL,29.542499542236328,29.282499313354492,29.469999313354492,29.407499313354492,142608800,27.57954216003418
2016-10-17,AAPL,29.459999084472656,29.19499969482422,29.332500457763672,29.387500762939453,94499600,27.5607852935791
2016-10-18,AAPL,29.552499771118164,29.362499237060547,29.545000076293945,29.36750030517578,98214000,27.542030334472656
2016-10-19,AAPL,29.440000534057617,28.450000762939453,29.3125,29.280000686645508,80138400,27.4599666595459
2016-10-20,AAPL,29.344999313354492,29.082500457763672,29.21500015258789,29.264999389648438,96503200,27.44590187072754
2016-10-21,AAPL,29.227500915527344,29.06999969482422,29.202499389648438,29.149999618530273,92770800,27.33805274963379
2016-10-24,AAPL,29.434999465942383,29.25,29.274999618530273,29.412500381469727,94154800,27.584239959716797
2016-10-25,AAPL,29.59000015258789,29.327499389648438,29.487499237060547,29.5625,192516000,27.724910736083984
2016-10-26,AAPL,28.924999237060547,28.327499389648438,28.577499389648438,28.897499084472656,264536800,27.10124397277832
2016-10-27,AAPL,28.96500015258789,28.524999618530273,28.84749984741211,28.6200008392334,138248000,26.84099769592285
2016-10-28,AAPL,28.802499771118164,28.362499237060547,28.467500686645508,28.43000030517578,151446800,26.66280746459961
2016-10-31,AAPL,28.5575008392334,28.299999237060547,28.412500381469727,28.385000228881836,105677600,26.620603561401367
2016-11-01,AAPL,28.4424991607666,27.63249969482422,28.364999771118164,27.872499465942383,175303200,26.139963150024414
2016-11-02,AAPL,28.087499618530273,27.8075008392334,27.850000381469727,27.897499084472656,113326800,26.163406372070312
2016-11-03,AAPL,27.864999771118164,27.387500762939453,27.7450008392334,27.457500457763672,107730400,25.882965087890625
2016-11-04,AAPL,27.5625,27.02750015258789,27.13249969482422,27.209999084472656,123348000,25.649654388427734
2016-11-07,AAPL,27.627500534057617,27.364999771118164,27.520000457763672,27.602500915527344,130240000,26.019651412963867
2016-11-08,AAPL,27.93000030517578,27.424999237060547,27.577499389648438,27.764999389648438,97016800,26.172836303710938
2016-11-09,AAPL,27.829999923706055,27.012500762939453,27.469999313354492,27.719999313354492,236705600,26.130414962768555
2016-11-10,AAPL,27.772499084472656,26.457500457763672,27.772499084472656,26.947500228881836,228538000,25.402210235595703
2016-11-11,AAPL,27.217500686645508,26.637500762939453,26.780000686645508,27.107500076293945,136575600,25.553037643432617
2016-11-14,AAPL,26.952499389648438,26.020000457763672,26.927499771118164,26.427499771118164,204702000,24.912025451660156
2016-11-15,AAPL,26.920000076293945,26.540000915527344,26.642499923706055,26.77750015258789,129058000,25.24195671081543
2016-11-16,AAPL,27.5575008392334,26.649999618530273,26.674999237060547,27.497499465942383,235362000,25.920671463012695
2016-11-17,AAPL,27.587499618530273,27.207500457763672,27.452499389648438,27.487499237060547,110528000,25.911245346069336
2016-11-18,AAPL,27.635000228881836,27.415000915527344,27.43000030517578,27.514999389648438,113715600,25.937166213989258
2016-11-21,AAPL,27.997499465942383,27.502500534057617,27.530000686645508,27.9325008392334,117058400,26.330726623535156
2016-11-22,AAPL,28.104999542236328,27.850000381469727,27.987499237060547,27.950000762939453,103862000,26.34722328186035
2016-11-23,AAPL,27.877500534057617,27.582500457763672,27.84000015258789,27.8075008392334,109705600,26.2128963470459
2016-11-25,AAPL,27.967500686645508,27.737499237060547,27.782499313354492,27.947500228881836,45903600,26.34486961364746
2016-11-28,AAPL,28.11750030517578,27.84749984741211,27.857500076293945,27.892499923706055,108776000,26.29302215576172
2016-11-29,AAPL,28.00749969482422,27.517499923706055,27.69499969482422,27.864999771118164,114115200,26.267101287841797
2016-11-30,AAPL,28.049999237060547,27.5674991607666,27.899999618530273,27.6299991607666,144649200,26.04557228088379
2016-12-01,AAPL,27.735000610351562,27.25749969482422,27.592500686645508,27.372499465942383,148347600,25.802837371826172
2016-12-02,AAPL,27.522499084472656,27.212499618530273,27.292499542236328,27.475000381469727,106112000,25.899459838867188
2016-12-05,AAPL,27.50749969482422,27.0625,27.5,27.27750015258789,137298000,25.713287353515625
2016-12-06,AAPL,27.59000015258789,27.297500610351562,27.375,27.487499237060547,104782000,25.911245346069336
2016-12-07,AAPL,27.797500610351562,27.290000915527344,27.315000534057617,27.75749969482422,119994800,26.16576385498047
2016-12-08,AAPL,28.107500076293945,27.649999618530273,27.71500015258789,28.030000686645508,108273200,26.422637939453125
2016-12-09,AAPL,28.674999237060547,28.077499389648438,28.077499389648438,28.487499237060547,137610400,26.853900909423828
2016-12-12,AAPL,28.75,28.122499465942383,28.322500228881836,28.325000762939453,105497600,26.700719833374023
2016-12-13,AAPL,28.979999542236328,28.4375,28.459999084472656,28.797500610351562,174935200,27.1461238861084
2016-12-14,AAPL,29.049999237060547,28.7450008392334,28.760000228881836,28.797500610351562,136127200,27.1461238861084
2016-12-15,AAPL,29.1825008392334,28.8075008392334,28.844999313354492,28.954999923706055,186098000,27.29458999633789
2016-12-16,AAPL,29.125,28.912500381469727,29.11750030517578,28.99250030517578,177404400,27.329938888549805
2016-12-19,AAPL,29.344999313354492,28.9375,28.950000762939453,29.15999984741211,111117600,27.487838745117188
2016-12-20,AAPL,29.375,29.170000076293945,29.184999465942383,29.237499237060547,85700000,27.560890197753906
2016-12-21,AAPL,29.350000381469727,29.19499969482422,29.200000762939453,29.264999389648438,95132800,27.586816787719727
2016-12-22,AAPL,29.127500534057617,28.90999984741211,29.087499618530273,29.072500228881836,104343600,27.405353546142578
2016-12-23,AAPL,29.1299991607666,28.897499084472656,28.897499084472656,29.1299991607666,56998000,27.459556579589844
2016-12-27,AAPL,29.450000762939453,29.122499465942383,29.1299991607666,29.315000534057617,73187600,27.633939743041992
2016-12-28,AAPL,29.5049991607666,29.049999237060547,29.3799991607666,29.190000534057617,83623600,27.5161190032959
2016-12-29,AAPL,29.27750015258789,29.100000381469727,29.112499237060547,29.1825008392334,60158000,27.509050369262695
2016-12-30,AAPL,29.299999237060547,28.857500076293945,29.162500381469727,28.954999923706055,122345200,27.29458999633789
